Komentar_Bersih,Sentiment
satpolpp hilang jaringan,Neutral
tunggu,Negative
coba cek om,Neutral
ok sudah terima kasih om,Neutral
samasama,Positive
assalamulaikum om jaringan polpp begini lagi,Neutral
cek lagi,Neutral
assalamualaikum,Positive
hilang jaringan terus,Negative
coba cek,Neutral
oke,Positive
disperindagkopukm tidak bisa connect,Neutral
dinas lingkungan hidup juga,Neutral
disnakertrans nomor jaringan,Neutral
selamat pagi minta tolong jaringan capil timbul tenggelam,Neutral
up juga dishub nomor internet,Neutral
full pulang pergi nomor internet,Neutral
selamat pagi izin menginformasikan jaringan perpustakaan lambat,Neutral
assalamualaikum jaringan di dinas pertanian lambat,Neutral
assalamualaikum,Positive
assalamualaikum,Positive
kabupaten tidak ada jaringan internet,Neutral
sabar om sementara pengecekan,Neutral
oke mantap,Positive
cek,Positive
cek,Positive
perpustakaan sudah kak terima kasih,Positive
cek,Positive
sudah okee terima kasih,Neutral
cek,Positive
cek,Positive
cek,Positive
cek,Positive
cek om,Neutral
cek,Positive
oke sudah terima kasih fik,Neutral
terima kasih,Positive
sudah,Positive
oke mkasi om,Neutral
siap sama,Positive
asslamuallaikum dinas pertanian jaringan lambat,Neutral
dinas pemuda dan olahraga lambat jaringan,Neutral
silahkan cek,Neutral
ini lambat sisi mana pak,Negative
aman,Negative
assalamualaikum,Positive
cek lagi,Neutral
selamt pagi minta tolong jaringan capil lambat,Neutral
assalamualaikum,Positive
akses kemana yang lambat ibu,Negative
ok sok boleh,Negative
dishub nomor internet,Neutral
tunggu,Negative
ok,Negative
coba cek om,Neutral
oke sudah aman,Positive
assalamualaikum warahmatullahi wabarakatuh,Positive
assalamualaikum,Positive
assalamulaikum om jaringan satpolpp tidak ada koneksi,Neutral
perikanan juga itu apa kok koneksi,Negative
cek,Positive
cek,Positive
cek,Positive
cek,Positive
ok sudah terima kasih,Neutral
siap,Positive
oke sudah terima kasih,Neutral
ok aman terima kasih,Positive
selamat pagi meminta tolong jaringan capil,Neutral
masih,Negative
masih sama,Negative
tunggu,Negative
assalamualaikum dinas sosial hilang koneksi,Neutral
meminta tolong capil tidak koneksi internet,Neutral
cek,Positive
cek,Positive
kalau sekarang bagaimana ibu,Negative
sudah,Positive
jaringan di kabupaten nomor internet,Neutral
capil juga nomor konekasi internet,Neutral
assalamulaikum om jaringan polpp tidak ada koneksi,Neutral
ons cek,Neutral
belum,Negative
assalamualaikum warahmatullahi jaringan di bagian administrasi pembangunan,Neutral
dari malam senin,Negative
asslamulaikum minta tolong jaringan depan ruang wakil bupati tidak ada koneksi dari kemarin,Neutral
cek lagi pak,Neutral
selamat pagi capil tidak ada koneksi internet,Neutral
aman terima kasih,Positive
assalamualaikum dinas sosial hilang koneksi,Neutral
masih,Negative
ok masih sok boleh,Negative
selamat pagi meminta tolong jaringan di capil lambat sekali,Neutral
bkpsdm lambat,Negative
disnakertrans pun demikian,Neutral
aman fik,Negative
router bkpsdm yang mabuk,Negative
oke,Positive
assalamulaikum jaringan full pulang pergi lambat,Negative
assalamualaikum,Positive
selamat pagi izin menginformasikan perpustakaan nomor internet,Neutral
oke,Positive
sudan ons kembali terima kasih,Neutral
aman,Negative
nakertrans hilang kah,Negative
perpustakan nomor internet,Negative
ons cek,Neutral
mohon segera ditindaklanjuti kembali perbaikan wifi di bpkad setelah diperbaiki tadi jaringan hanya bertahan menit sebelum kembali hilang hingga saat ini kondisi ini sangat menghambat pekerjaan kami,Negative
permisi pak sudah di konfirmasi ke pak cupik tadi besok baru ingin di ganti alat nya bukan jaringan yang bermasalah,Neutral
selamat sore meminta tolong jaringan capil absen saja tidak bisa dari kemarin,Neutral
jaringan aman ya ibu,Positive
jaringan ke capil juga terpantau jalan,Neutral
masih seperti biasa,Neutral
hanya masker yang tidak bisa,Negative
selamat pagi izin informasikan perpustakaan tidak ada koneksi internet,Neutral
asslamualikum,Positive
jaringan nakertrans lambat sekali,Negative
sama rs trikora juga,Positive
disnakertrans lambat sekali,Negative
kabupaten jaringan lambat,Negative
permisi jaringan capil juga lambat,Negative
assalamualaikum jaringan dinas sosial lambat sekali,Negative
permisi mohon wifi di bagian pbj di periksa alx website lpse banggai kepulauan tidak bisa di buka menggunakan wifi pemerintah daerah kalau data seluler dan indihome boleh sangat menghambat ketika lpse banggai kepulauan tidak bisa di buka di wifi pemerintah daerah,Neutral
semua ini jaringan sulit di bagian organisasi juga mengalami hal yang sama,Negative
menunggu pak masih dalam pengecekan dari tim sebelah,Neutral
cek,Positive
cek,Positive
cek,Positive
cek,Positive
cek,Positive
meminta tolong jaringan internet di inspektorat tidak terkoneksi dengan baik,Neutral
oke,Positive
assalamualaikum,Positive
masih,Negative
ok sok agak lumayan ini,Neutral
assalamulaikum om minta tolong jaringan satpolpp hilang koneksi,Neutral
sama bagian organisasi juga,Neutral
bagian tata pemerintah juga,Neutral
selamat pagi jaringan capil juga hilang koneksi,Neutral
jaringan pariwisata tidak ada jaringan,Neutral
perpustakaan juga nomor internet,Neutral
bappeda nomor internet akses,Neutral
jaringan di kabupaten tidak ada,Neutral
perikanan juga akio,Neutral
assalamualaikum permisi pak dinas pertanian hilang koneksi,Neutral
mohon maaf atas ketidak nyamanan nya bapakibu,Negative
link utama kembali terpantau normal,Neutral
aman,Negative
cek lagi,Neutral
cek,Positive
cek,Positive
cek,Positive
cek,Positive
cek,Positive
cek,Positive
cek,Positive
perpustakaan sudah aman kak terima kasih,Positive
cek and ricek,Neutral
alhamdulillah sudah terkoneksi internet kembali di inspektorat terima kasih,Neutral
aman,Negative
kabupaten belum,Negative
ons cek ibu,Neutral
aman,Negative
bappeda sok aman terima kasih,Positive
disnakertrans hilang jaringan,Neutral
masih,Negative
mohon bisa di bantu alx sudah hari tidak bisa akses web nih alx kami ada pelatihan yang harus di ikuti,Neutral
coba kak fadly pakai internet data mungkin bisa masuk karena saya juga ada beberapa aplikasi yang tidak bisa mnggunakan internet pemerintah daerah,Neutral
kalau data seluler dengan indihome jadi cuma masalah kalau trng tidak masuk kantor sabntar di cari bagitu masuk kantor tidak bisa biasanya akses jadi dilema alx sok jarang pakai data seluler,Negative
oke terima kasih sudah bisa,Neutral
jaringan di dispora lambat mohon ditindaklanjuti,Neutral
nomor internet ya pak,Neutral
terhubung cuma lambat jaringannya,Negative
cek,Positive
selamat pagi,Neutral
sama bappeda juga te bisa akses sipd,Neutral
ons cek,Neutral
ok sip sok ada terima kasih,Neutral
as wal permisi mohon jaringan internet bagian organisasi dimaksimalkan karena kami lagi pengisian data mcp kosupgah kpk terima kasih,Neutral
saat ini trafic padat pak,Negative
assalamualaikum jaringan wifi bappeda juga hilang sementara ada saling buka sipd,Neutral
coba cek,Neutral
sok bagus tadi tetapi ini ada hilang lagi uang muka wifi,Negative
ssid pemdabangkep yang hilang,Neutral
iya tetapi sok ada lagi ini,Negative
nanti informasi kalau muncul kembali lagi,Neutral
assalamualaikum warahmatullahi wabarakatuh tolong admin masukkan dalam group operator dinas sosial,Neutral
disnakertrans hilang jaringan,Neutral
cek,Positive
selamat sore meminta tolong capil tidak ada koneksi internet,Neutral
ons cek,Neutral
lambat nakertrans,Negative
cek,Positive
selamat sore,Neutral
cek,Positive
belum bisa,Negative
tunggu,Negative
assalamualaikum,Positive
assalamualaikum jaringan di kabupaten tidak ada,Neutral
cek,Positive
sudah,Positive
ok,Negative
disnakertrans lambat sekali,Negative
cek,Positive
jaringan full pulang pergi lambat,Negative
jaringan full pulang pergi lambat,Negative
check,Negative
admin,Negative
bagian lambat nya mana pak,Negative
bisa di screenshot beserta link yang di akses,Neutral
oke atau mungkin pengguna yang sudah terlalu banyak,Negative
assalamualaikum warahmatullahi wabarakatuh,Positive
assalamualaikum,Positive
assalamulaikum om jaringan satpolpp tidak ada koneksi,Neutral
perikanan juga itu apa kok koneksi,Negative
cek,Positive
cek,Positive
cek,Positive
cek,Positive
ok sudah terima kasih,Neutral
siap,Positive
oke sudah terima kasih,Neutral
ok aman terima kasih,Positive
selamat pagi meminta tolong jaringan capil,Neutral
masih,Negative
masih sama,Negative
tunggu,Negative
assalamualaikum dinas sosial hilang koneksi,Neutral
meminta tolong capil tidak koneksi internet,Neutral
cek,Positive
cek,Positive
kalau sekarang bagaimana ibu,Negative
sudah,Positive
jaringan di kabupaten nomor internet,Neutral
capil juga nomor konekasi internet,Neutral
assalamulaikum om jaringan polpp tidak ada koneksi,Neutral
ons cek,Neutral
belum,Negative
assalamualaikum warahmatullahi jaringan di bagian administrasi pembangunan,Neutral
dari malam senin,Negative
asslamulaikum minta tolong jaringan depan ruang wakil bupati tidak ada koneksi dari kemarin,Neutral
cek lagi pak,Neutral
assalamualaikum warahmatullahi wabarakatuh,Positive
disnakertrans nomor jaringan,Neutral
selamat pagi izin menginformasikan perpustakaan nomor internet,Neutral
assalamualaikum dinas pertanian jaringan hilang,Neutral
assalamualaikum,Positive
selamat pagi capil tidak ada koneksi internet,Neutral
masih,Negative
aman terima kasih,Positive
selamat siang perpustakaan nomor internet,Neutral
ons cek,Neutral
iya kak karena dari kemarin begitu terus,Negative
aman,Negative
terimkasih,Positive
assalamualaikum dinas sosial hilang koneksi,Neutral
masih,Negative
ok masih sok boleh,Negative
selamat pagi meminta tolong jaringan di capil lambat sekali,Neutral
bkpsdm lambat,Negative
disnakertrans pun demikian,Neutral
aman fik,Negative
router bkpsdm yang mabuk,Negative
oke,Positive
assalamulaikum jaringan full pulang pergi lambat,Negative
assalamualaikum,Positive
selamat pagi izin menginformasikan perpustakaan nomor internet,Neutral
oke,Positive
sudan ons kembali terima kasih,Neutral
aman,Negative
nakertrans hilang kah,Negative
perpustakan nomor internet,Negative
ons cek,Neutral
mohon segera ditindaklanjuti kembali perbaikan wifi di bpkad setelah diperbaiki tadi jaringan hanya bertahan menit sebelum kembali hilang hingga saat ini kondisi ini sangat menghambat pekerjaan kami,Negative
permisi pak sudah di konfirmasi ke pak cupik tadi besok baru ingin di ganti alat nya bukan jaringan yang bermasalah,Neutral
pak kami ingin menyampaikan bahwa jaringan di bpkad sudah hampir satu bulan ini sering mengalami gangguan dan offline terkait anggaran untuk wifi serta perangkat pendukungnya kami memahami bahwa hal tersebut telah dialihkan ke kominfo oleh karena itu kami berharap adanya dukungan dalam pelayanan jaringan yang optimal demi kelancaran kinerja kami,Neutral
alat di bidang perbend yang bermasalah wrles menuju perangkat penerima tidak kuat sudah di lakuan riset matikan salah satu enggak tetapi tidak ada perubahan,Neutral
masalah di apa pak sudah saya meminta carikan alternatif apa dulu dan besok saya kirimkan apa dari palu pak,Neutral
hasil konfirmasi kami dengan pt dewata net,Neutral
pemeliharaan instalasi jaringan dalam pemerintah di kantor bpkad,Neutral
terima kasih,Positive
dinas pemuda dan olahraga tidak ada koneksi internet,Neutral
selamat sore meminta tolong jaringan capil absen saja tidak bisa dari kemarin,Neutral
jaringan aman ya ibu,Positive
jaringan ke capil juga terpantau jalan,Neutral
masih seperti biasa,Neutral
hanya masker yang tidak bisa,Negative
selamat pagi izin informasikan perpustakaan tidak ada koneksi internet,Neutral
asslamualikum,Positive
jaringan nakertrans lambat sekali,Negative
sama rs trikora juga,Positive
disnakertrans lambat sekali,Negative
kabupaten jaringan lambat,Negative
permisi jaringan capil juga lambat,Negative
assalamualaikum jaringan dinas sosial lambat sekali,Negative
permisi mohon wifi di bagian pbj di periksa alx website lpse banggai kepulauan tidak bisa di buka menggunakan wifi pemerintah daerah kalau data seluler dan indihome boleh sangat menghambat ketika lpse banggai kepulauan tidak bisa di buka di wifi pemerintah daerah,Neutral
semua ini jaringan sulit di bagian organisasi juga mengalami hal yang sama,Negative
menunggu pak masih dalam pengecekan dari tim sebelah,Neutral
cek,Positive
cek,Positive
cek,Positive
cek,Positive
cek,Positive
meminta tolong jaringan internet di inspektorat tidak terkoneksi dengan baik,Neutral
oke,Positive
assalamualaikum,Positive
masih,Negative
ok sok agak lumayan ini,Neutral
assalamulaikum om minta tolong jaringan satpolpp hilang koneksi,Neutral
sama bagian organisasi juga,Neutral
bagian tata pemerintah juga,Neutral
selamat pagi jaringan capil juga hilang koneksi,Neutral
jaringan pariwisata tidak ada jaringan,Neutral
perpustakaan juga nomor internet,Neutral
bappeda nomor internet akses,Neutral
jaringan di kabupaten tidak ada,Neutral
perikanan juga akio,Neutral
assalamualaikum permisi pak dinas pertanian hilang koneksi,Neutral
mohon maaf atas ketidak nyamanan nya bapakibu,Negative
link utama kembali terpantau normal,Neutral
aman,Negative
cek lagi,Neutral
cek,Positive
cek,Positive
cek,Positive
cek,Positive
cek,Positive
cek,Positive
cek,Positive
perpustakaan sudah aman kak terima kasih,Positive
cek and ricek,Neutral
alhamdulillah sudah terkoneksi internet kembali di inspektorat terima kasih,Neutral
aman,Negative
kabupaten belum,Negative
ons cek ibu,Neutral
aman,Negative
bappeda sok aman terima kasih,Positive
disnakertrans hilang jaringan,Neutral
masih,Negative
mohon bisa di bantu alx sudah hari tidak bisa akses web nih alx kami ada pelatihan yang harus di ikuti,Neutral
coba kak fadly pakai internet data mungkin bisa masuk karena saya juga ada beberapa aplikasi yang tidak bisa mnggunakan internet pemerintah daerah,Neutral
kalau data seluler dengan indihome jadi cuma masalah kalau trng tidak masuk kantor sabntar di cari bagitu masuk kantor tidak bisa biasanya akses jadi dilema alx sok jarang pakai data seluler,Negative
oke terima kasih sudah bisa,Neutral
jaringan di dispora lambat mohon ditindaklanjuti,Neutral
nomor internet ya pak,Neutral
terhubung cuma lambat jaringannya,Negative
cek,Positive
selamat pagi,Neutral
sama bappeda juga te bisa akses sipd,Neutral
ons cek,Neutral
ok sip sok ada terima kasih,Neutral
jaringan internet agak lambat,Negative
jaringan sangat lambat apalagi kalau mati lampu sumpah lambat sekali,Negative
untung nama tinggal di sebelah bangunan tower tetapi lambat,Positive
tidak ada jaringan xl,Neutral
tiba tiba hilang jaringan telkomselbyu,Neutral
masih terbilang baikcmn kalau bisa jangan cuman jaringan telkomsel yang tersediaadakan juga provider lainnya,Positive
tolong di perbaiki kualitas jaringan internet di bangkep koutanya mahal kualitas internetnya sangat buruk,Negative
jaringan enggak yang sangat lambat seringkali menghambat pekerjaan yang harus menggunakan paket datainternet terutama pada kompleks perkantoran di atas pengguna internet harus turun mencari tempat yang tertentu untuk bisa mengakses internet,Neutral
sering lambat semoga kedepan lebih bagus apalagi kami di daerah rsud sulit sekali jaringan jika ingin berkoordinasi dengan orang lain,Negative
untuk operator telkomsel jika menggunakan jaringan data biasanya lebih lambat terutama daerah rsud trikora salakan walau terdapat tower pada lokasi untuk jaringan telkomsel juga kadang waktu menunjukkan jam lebih cepat dari waktu sebenarnya,Neutral
jaringan lambat hilang timbul,Negative
desa kami sudah memiliki tower jaringan internet tetapi sampai saat ini kami masih merasakan kekurangan jaringan internet yang di sebabkan pelayanannya hanya bisa di malam hari kalau pagi sampai sore mati total hanya bisa mengakses dari salakan tetapi itu kami ke pesisir pantai untuk cari jaringan,Negative
di wilayah saya terutama di desa bulungkobit sangat susah sinyal bagusnya kadang cuma pada saat malam hari dari jam sore sampai jam pagi setelah itu sudah hilang lagi,Negative
lebih di perhatikan lagi tentang jaringan yang ada di daerah banggai kepulauan terutama yang bertugas untuk menjaga tower agar lebih giat dalam upaya hilangnya jaringam saat lampu padam,Neutral
jaringan internet di daerah saya khususnya di banggai kepulauan sering tidak stabil sinyalnya sangat tidak bagus terutama saat pagi hari dan ketika cuaca buruk hal ini cukup mengganggu terutama untuk keperluan belajar atau bekerja secara online,Negative
kualitas jaringan di desa akan kecamatan tinangkung sangatlah burukk padahal terdapat tower induk di daerah tersebut namun jaringanya sangatlah burukk lambatt lambat,Negative
kualitas jaringan di kampung membuat saya emosi karena saya tidak bisa berkomunikasi dengan teman kuliah saya saat ada informasi penting di karenakan jaringan hilang total,Negative
internet di banggai kepulauan masih sangat buruk kecepatannya lambat sekali sering putus putus dan sinyalnya lemahkami meminta pemerintah dan perusahaan internet segera perbaiki masalah ini banggai kepulauan butuh internet yang cepat dan stabil,Negative
kualitas jaringan kurang cepat,Negative
lemah susah mengakses internet sering hilang jaringan internet,Negative
kecepatan internet seringkali tidak sesuai dengan paket yang dibeli terutama saat banyak pengguna yang mengakses internet secara bersamaan,Negative
ada sinyal tetapi tidak bisa digunakan,Neutral
setiap siang hari di desa bulungkobit tidak ada jaringan internet maupun telepon,Neutral
parah,Negative
jaringan di peling tengah terutama di desa patukuki sering lambat jaringannya,Neutral
untung nama ada tower tetapi tidak bisa digunakan,Negative
keluhan banyak sekali susah berkomunikasi kepada siapapun apalagi kalau kami sebagai naks susah menghubungi keluarga pasien kalau gawat darurat apalagi kalau ada pasien yang di rujuk itu butuh komunikasi yang bagus tetapi di pulo biasanya ini bungin bulungkobit akan itu tidak ada sama sklai jaringan internet jadi mohon di tindak lanjuti bapakibu,Negative
di perbaiki,Neutral
sangat kurang baik,Negative
baik,Positive
beberapa tempat di kota salakan kurang maksimal dalam mengakses internet hingga sama sekali tidak dapat di aksessebagai contoh tempat di area kantor catatan sipil apa bila tidak di bantu menggunakan wifi maka sama sekali tidak dapat menjangkau internet sama sekali,Negative
menurut saya jaringan di sini sangat lambat dan lambat bahkan kadang hilang total,Negative
menurut saya jaringan yang ada di desa patukuki itu kurang baik semenjak di jadikan sebagai jaringan enggak,Negative
jaringan agak lebih baik jika pakai wifi tetapi kalau pakai data seluler sangat lambat tidak bisa menonton youtube atau akses video,Negative
terkadang jaringan internet hilang atau lambat ketika mati lampu,Negative
jaringan internet sangat lambat kadang hilang,Negative
karena keterbatasan akses jaringan memperlambat akses dalam kegiatan dunia digitalisasi,Neutral
pendapat saya mengenai kualitas jaringan internet di kabupaten banggai kepulauan sejauh ini memang sangat kurang memadai kita bisa lihat ada beberapa desa di banggai kepulauan yang masih sulit menggunakan jaringan internet mereka harus pergi kedesa lain agar bisa mengakses jaringan internet,Negative
keluhan saya itu biasanya lambat lambat kalau saya menggunakan internet dan juga saat saya menelpon kadang hilang hilang jaringannya,Negative
saya sering mengalami masalah koneksi internet telkomsel terutama saat jam sibuk,Neutral
jaringan internet khususnya desa tombos masih sangat tidak bagus sering hilang total kalaupun tidak hilang total tapi sangat lambat di bandingkan desa lain apalagi khususnya di musim hujan ini karena di sebabkan jaringan telekomunikasi yang di berikan berupa tower mini yang katanya mengandalkan tenaga surya jadi ketika musim hujan sangat lambat bahkan mati total,Negative
jaringan yang ada dikabbangkep khususnya daerah lolantang masih kurang memadai dan jaringan biasa hilang tiba serta jaringan lambat atau lambat sehingga kita yang kerja di kantor biasa lambat kirim data disebabkan bukan karena pekerjaan kita atau data kita belum lengkap tetapi jaringan yang tidak baik,Negative
jaringan sering hilang total sehingga membuat akses kita ke internet dan tlfon harus tertunda,Neutral
di bulagi sering terjadi signal hilang dan sangat lambat karena sudah terlalu banyak pengguna jaringan sementara tower hanya dan letaknya di kelurahan bulagi sehingga jangkauan jaringan lumayan jauh,Positive
,Neutral
untuk jaringan internet di banggai kepulauan umumnya dan di desa bobu khususnya alhamdulilah sudah baik tetapi biasanya jaringan internet hilang total,Neutral
jaringan di desa bulungkobit sangat sangat burukjaringan di desa ini di pagi hari dari jam hilang totalkami yang ada di desa tersebut sangat kesulitan,Negative
pendapat saya tentang kualitas jaringan yang ada didaerah saya agar dapat ditingkatkan lagi kualitasnya dikarenakan kami sering terkendala dijaringan untuk mengirimkan data ke pusat atau ke ibu kota kabupaten dan sekitarnya,Neutral
jaringan tidak stabil bahkan sering hilang apalagi untuk akses internet sangat susah,Negative
sangat bagus dan jarang terjadi gangguan,Positive
biasanya jaringan lambat dan hilang,Negative
tower yang ada di wilayah hanya sebagai tower mini sehingga tidak bisa melayani masyarakat desa yang ada di wilayah kami karena pengguna jaringan lebih besar dari pada tower mini ini kapasitas internet lambat di saat kami dan ketika kami punxa keperluas yang sistem kirim data tidak bsq di gunakan apa lagi sudah buka leptop,Negative
kualitas jaringan internet sangat tidak baiklemot,Negative
jaringan hilang total saat terjadi pemadaman listrik lebih dari jam,Neutral
tidak ada batas,Positive
jaringan lambat di saat jam kerja yang banyak menggunakan jaringan internet,Neutral
jaringan lambat biasa hilang total akses internet lambat jaringan ada tetapi tidak bisa menelfon biasa bisa menelfon tetapi tidak jelas suara chat lama terkirim biasa juga gagal terkirim efek jaringan ini sangat berdampak pada kehidupan masyarakat yang saat ini sudah sebagian besar mengarah ke digitalisasi,Negative
kualitas jaringan di banggai kepulauan belum merata masih banyak desa desa yang jaringannya belum bagus seperti jaringan yang ada di desa di pulau akan yaitu desa bulungkobit bungin dan akan sudah setahun lebih jaringan sangat susah diakses terutama pada siang hari dan kadangkadang di malam hari juga jaringannya ada gangguan di pulau akan sendiri untuk listriknya belum jam tetapi sebelum tahun jaringan bagusbagus saja dan bisa diakses walau listrik tidak menyala karena di pulau tersebut sudah ada towernya tetapi di tahun jaringan sudah mulai jelek dan bahkan sekarang sudah sangat parah menurut saya karena banyak sekali gangguannya,Negative
susah signal,Negative
sudah lumayan baik hanya sering hilang kalau mati lampu saja dengan masih ada spot yang kurang bagus signal,Negative
kualitas jaringan sangat buruk untuk telepon atau sms juga kadang tidak bisa,Negative
agar lebih meningkatkan kualitas jaringan internet,Neutral
jaringan memuaskan hanya kami pengguna jaringan internet telkomsel yang ada di desa ambelang agar bisa di adakan cadangan mesin genset atau penambahan baterai aktif kali jam biar ada pemadaman tiba tiba dari pln tetapi jaringan telkomsel yang ada di desa kami selalu aktif terus menerus sehingga informasi selalu apdet juga kali jam,Positive
jika lampu padam jaringan telkomsel jadi lambat,Neutral
cukup baik,Positive
jaringan yang lambat karena desa pondingponding mengambil jaringan melalui tower desa tatakalai yang dimana tower tersebut digunakan desa yaitu desa ponding tatakalai luksagu,Neutral
pendapat saya untuk kualitas jaringan di banggai kepulauan ini perlu ditingkatkan lagi jaringan selulernya terkadang kalau menelpon tanpa data seluler biasanya hilang suara atau tidak kedengaran kalau tentang jaringan data seluler sudah lumayan bagus tetapi ada jam jam tertentu biasanya sangat lambat apalagi kalau mati lampu ya sangat lambat sekali,Negative
sudah baik untuk sebagian wilayah tetapi untuk wilayah perkantoran perlu di tambah karena dengan begitu banyaknya aktivitas maka jaringan juga menjadi lambat,Neutral
jaringan agar lebih di tingkatkan kekuatan sinyal,Neutral
sangat tidak bagus,Negative
di desa saya jaringan internet sangat lambat dikarenakan sinyal internet yang belum memenuhi standar pengguna terlalu banyak,Negative
keluhan saya mengenai jaringan internet yang ada di bangkep itu khususnya di desa balayon kecamatan liang buruk sekali apalagi untuk internetan sangat tidak lancar alias lambat bahkan untuk tlfon biasa saja kadang tidak bisa,Negative
jaringan internet sering hilang sinyal lambat,Negative
jaringan sering hilang sehingga kami yang bekerja di instansi pemerintah yang setiap hari mengirimkan laporan menggunakan jaringan internet sering terhambat,Negative
jika jaringan hilang pekerjaan jadi tertunda,Negative
hilang jaringan total yang mengakibatkan pekerjaan di kantor yang sekarang menggunakan aplikasi menjadi terhambat,Negative
saya bekerja di pelayanan publik sehingga sangat membutuhkan jaringan sinyal yang stabil dan dalam beberapa waktu terakhir ini jaringan telkomsel sering hilang dan dalam waktu yang lama sehingga menghambat pekerjaan,Negative
kualitas jaringan yang ada di kampung saya sangat tidak bagus siang tidak ada sama sekali jaringan malam jaringan lambat bila ada keperluan mendesak seperti kesehatan susah menghubungi karena terhalang jaringan,Negative
jaringan di daerah saya sangatlah buruk tiap hari setiap jam pagi sinyal akan hilang dan kembali lagi di jam sore itupun sering kali pada malam hari sinyal pun ikut hilang sudah tahun sinyal seperti ini hal ini membuat kami kecewa kadang kami sering kali bilang lebih baik tidak ada tower sekalian daripada ada tower tetapi tidak berfungsi dengan baik,Negative
jaringan di daerah kabupaten banggai kepulauan tidak terlalu stabil siang jaringan sangat lambat atau tidak bagus,Negative
tidak bisa sama sekali menggunakan akses jaringan dari pagi samapi sore jam sehingga mengakibatkan sulit menjalankan tugas aktivitas di sekolah dan hal pribadi yang penting sulit lu mendapatkan informasi dari keluarga,Negative
buruk,Negative
tidak bisa sama sekali untuk kita mengakses internet di pagi sampai sore hari apalagi saya pribadi sebagai seorang pendidik merasa sangat terhambat dalam kegiatan proses belajar mengajar yang dimana biasanya kami seringkali dikaitkan dengan harus menggunakan jaringan internet saya pribadi maupun untuk semua peserta didik khusus sekolah sama negeri tinangkung yang terletak di desa bulungkobit,Negative
sangat kecewa dengan jaringan internet kalau siang,Negative
jaringan di desa saya tepatnya di desa bulungkobit hanya aktif pada malam hari sebaliknya di siang hari jaringan di desa saya hilang total,Negative
tidak bisa sama sekali mengakses jaringan internet pagi sampai sore hari sementara kami seorang guru sangat memerlukan jaringan karena biasanya ada kegiatan zoom dan banyak tugas guru juga yang menggunakan jaringan serta kegiatan pembelajaran peserta didik di sama negeri tinangkung yang menggunakan jaringan internet tidak bisa akses sama sekali,Negative
mati total kalau mati lampu,Negative
lambat,Negative
jaringan lambat atau lambat ingin pakai telkomsel indosat atau by lu sama saja semua kalau untuk akses internet susah ingin buka wa atau scroll tiktok butuh menit untuk memutar satu video bahkan itu berlangsung lama apalagi saat mati lampu jaringan makin tidak bagus bahkan sampai tidak ada layanan,Negative
sungguh tidak bagus sekali,Negative
jaringan di kampung saya sangat lambat,Negative
sangat buruk,Negative
jaringan di daerah saya sangatlah susah dimana kami sebagai masyarakat daerah sini dapat mengakses jaringan cuma pada malam hari dan akan di nonaktifkan oleh pemerintah setempat pada siang hari jadi kami memohon kemajuan untuk daerah kami agar jaringan kami dapat di perlancakan berguna kebutuhan kami sebagai masyarakat setempat,Neutral
kalau di desa palam tidak ada jaringan,Neutral
lebih buruk,Negative
sangat buruk,Negative
kualitas jaringan buruk,Negative
kualitas jaringan di bangkep sangat jelek apalagi di kompleks saya dalam rumah jaringan punya jelek sekali lambat lambat pagi sampai malam kalau tengah agak bagus jaringannya,Negative
sangat tidak baik tidak bagus,Negative
jaringan payah tidak bisa untuk video call,Negative
kualitas standar,Positive
jaringan tidak bagus sekali,Negative
disini kalau siang hari tidak ada jaringan internet dan itu sangat mengganggu aktivitas penting yang berhubungan dengan internet saya berharap cepat segera di tangani,Negative
jaringan di desa kami tidak sama dengan yang dulu yang bagus jaringan lancar sekarang jaringan tidak bagus sama sekali dari tahun sampai sekarang jaringan tidak ada perbaikan,Negative
kualitas jaringan internet di daerah saya dapat di bilang cukup baik namun ada kalanya juga jaringan hilang total dan yang sangat sering terjadi itu jaringan nya lambat,Negative
jaringan internet di desa bulungkobit sangat jelek dan sudah setiap hari ini terjadi hal ini sangat membuat keresahan terhadap masyarakat yang memiliki kepentingan mendesak terkait ketidakstabilan jaringan ini sangat menjadi hambatan terutama jika ada keperluan yang sangat mendesak selain itu hal ini juga sangat membuat masyarakat lambat mendapat informasi yang ada di media seiring dengan perkembangan zaman yang semakin medern membuat masyarakat akan banyak kekurangan informasi kesenjangan informasi untuk itu sangat perlu pemerintah harus memperhatikan hal seperti ini kepada setiap daerah yang masih tidak memiliki jaringan yang tidak stabil terkhususnya di desa bulungkobit saya sebagai penduduk setempat sangat merasa tertinggal kita terbelakangi akibat dari jaringan yang tidak selalu memadaihal seperti ini akan sangat berdampak pada kesenjangan teknologi terkhusus kepada generasi muda yang berada di wilayah desa bulungkobit,Negative
jaringan di beberapa tempat sangat lambat dan biasanya tiba tiba hilang,Negative
jaringan kurang bagus dalam mengakses internet dan juga sering hilang sama sekali,Negative
kecepatan internet lumayan lambat,Negative
lambat,Negative
buruk sekali tolong di perbaiki agar supaya masyarakat bisa terbantu,Neutral
jaringan yang kadang hilang kadang ada biasa mencari jaringan internet di muka lapangan,Neutral
ada beberapa tempat jaringannya lumayan bagus tetapi di tempat saya tinggali sangat lambat jaringannya,Negative
saat telponan jaringan tertahan tahan bersamaan video suara terputus putus,Negative
jaringan dengan kualitas yang buruk dapat menghambat pekerjaan yang menggunakan akses internet,Negative
sangat lambat,Negative
jaringan internet tidak merata hanya di bagian pantai saja yang ada,Negative
kurang memuaskan,Negative
jaringan di desa kolak itu sangat lambat,Negative
belum bisa di bilang bagus karena masih sering hilang jaringan,Negative
masih belum maksimal di beberapa desa yang ada di bangkep,Negative
semoga cepat terselesaikan masalah jaringn apalagi di daerah pelosok,Positive
masih sangat tidak bagus karena kualitas nya tidak stabil,Negative
menurut saya jaringan internet di banggai kepulauan khusus di kota salakan saat ini sudah lebih baik di banding tahun sebelumnya akan tetapi yang menjadi keluhan kami serta masyarakat terkait jaringan internet belum dapat di akses disebagian besar wilayah banggai kepulauan,Negative
tidak stabil dan lambat,Negative
perlu ada perbaikan dari provider,Neutral
sinyal sering sekali hilang dan kadang perlu di titik lokasi tertentu untuk mendapatkan sinyal,Negative
jaringan sering hilang berjam,Negative
lakukan pemantauan secara berkala,Neutral
selalu lambat dan tidak stabil dari waktu ke waktu sejak kejadian gempa palu tidak ada keterangan dari pemerintah sampai saat ini kenapa ada hal tersebut mohon ditindaklanjuti,Negative
lambat,Negative
lambat sekali jaringan suka tidak stabil,Negative
perlu diperbaharui suka lambat jaringan,Negative
jaringan internet agak lambat,Negative
jaringan sangat lambat apalagi kalau mati lampu,Negative
masalahnya tower ada tetapi tidak ada sinyal,Negative
sangat buruk harus ke pantai dulu baru bisa internetan itupun di pantai masih sering gangguan,Negative
untung nama tinggal di sebelah bangunan tower tetapi tetap lambat,Positive
jaringan sering bermasalah di waktu waktu tertentu apalagi di saat cuaca kurang baik misalnya hujan deras atau berangin,Negative
kualitas sinyal area tempat tinggal saya sangat minim bahkan sering hilang padahal letaknya kurang dari meter sebagian besar area di desa tidak terjangkau jaringan yang memadai,Negative
pendapat khususnya pribadi saya agar petugas perusahaan agar selalu mengontrol akses jaringan yang ada dkab bangkep ini khusnya di desa binuntuli agar kami terlayani dengan pelayanan jaringan yang lebih baik lagi,Neutral
tiba tiba hilang jaringan telkomselbyu,Neutral
masih terbilang baik cuma kalau bisa jangan cuma di jam sibuk,Negative
tolong diperbaiki kualitas jaringan internetnya,Neutral
jaringan enggak yang sangat lambat seringkali menghalangi pekerjaan,Negative
sering lambat semoga kedepan lebih bagus apalagi kalau kerja,Positive
jaringan data ini sangat lambat dan lambat akibatnya siswa yang menggunakan internet sebagai referensi pembelajaran menjadi terhambat dan hanya terfokus pada buku cetak saja,Negative
untuk operator telkomsel jika menggunakan jaringan enggak masih sangat lambat,Neutral
perbaiki kualitas jaringan,Positive
jaringan lambat hilang timbul,Negative
jaringan lambat hilang timbul,Negative
desa kami sudah memiliki tower jaringan internet tetapi tetap lambat,Neutral
di wilayah saya terutama di desa bulungkobit sinyal sering hilang,Neutral
lebih diperhatikan lagi tentang jaringan yang hilang di waktuwaktu sibuk,Negative
kualitas jaringan di daerah saya masih buruk sering putus putus,Negative
internet di banggai kepulauan masih sangat buruk perlu banyak perbaikan,Negative
kualitas jaringan di kampung membuat saya emosional karena sering tidak stabil,Negative
sangat jelek,Negative
kualitas jaringan kurang baik,Negative
kualitas jaringan kurang cepat dan sering tidak terhubung,Negative
lemah susah mengakses internet sering hilang sinyal,Negative
koneksi internet yang lambat sangat mengganggu pekerjaan saya,Negative
internet tidak stabil terutama di siang hari,Negative
jaringan internetnya agar lebih di tingkatkan kestabilannya dan untuk wilayah tinangkung utara jaringan internet biasanya hilang ketika mati lampu pln,Neutral
kualitas melalui provider kurang baik sehingga harus menggunakan sambungan jaringan melalui wifi,Negative
kualitas jaringan sangat bagus kalau di desa sambulangan,Positive
kualitas jaringan di daerah saya cukup memprihatinkan sinyal sering lemah dan putus putus terutama di area pedesaan kecepatan internet juga cenderung lambat membuat aktivitas online menjadi tidak efisien banyak waktu terbuang karena harus menunggu loading atau mengalami gangguan saat melakukan panggilan peningkatan infrastruktur jaringan sangat diharapkan untuk memperbaiki kualitas layanan ini,Negative
internet sering terputus tanpa alasan jelas,Negative
untuk akses internet di daerah saya jaringan sangat terbatas,Neutral
sinyal hilang saat malam hari sangat mengganggu,Negative
layanan internet perlu peningkatan agar tidak menghambat komunikasi,Neutral
jaringan tidak dapat diandalkan sering mengganggu kegiatan sehari hari,Negative
kualitas jaringan di desa akan kecamatan tinangkung sangat mengecewakan,Negative
koneksi enggak di daerah saya sangat lambat,Negative
koneksi internet hanya bisa lancar di pagi hari selebihnya lambat,Negative
kalau cuaca buruk jaringan langsung hilang sama sekali,Negative
internet sering macet apalagi saat musim hujan,Negative
saya berharap ada peningkatan kualitas jaringan internet di desa saya,Neutral
kualitas jaringan internet di wilayah kabupaten banggai kepulauan khususnya wilayah peling tengah desa popisi masih kurang lancar karena disaat para pengguna internet melakukan login di internet itu masih lambat sehingga memperlambat proses untuk komunikasi dan pengiriman data,Neutral
kualitas kurang,Negative
jaringan internet lambat dan hilang total,Negative
jaringan internet telkomsel bakti sering hilang di musim hujan,Neutral
jaringan di wilayah ini sangat buruk,Negative
sinyal sering hilang meskipun berada dekat tower,Negative
tidak ada sinyal saat cuaca buruk perlu ada perbaikan,Neutral
tiba tiba hilang koneksi internet dan waktu untuk sinyal normal kembali sangat lama,Negative
jaringan telkomsel sangat lambat di daerah saya membuat frustrasi,Negative
internet jadi tidak stabil ketika banyak orang mengaksesnya,Negative
sinyal sering turun sangat mempengaruhi kegiatan saya,Negative
sangat buruk jaringannya,Negative
bandwidth sangat terbatas membuat sulit bekerja,Negative
jaringannya lambat apalagi saat telponan dan semoga kedepannya bisa di perbaiki lebih baik lagi,Negative
jaringan tidak bisa telepon biasa cek pulsa dan lain sebagainya dan jaringan internet sangat lambat,Negative
harapannya ke depan ada tambahan tower untuk memperbaiki sinyal,Neutral
jaringan sering hilang mengganggu proses belajar online saya,Negative
wifi lokal juga sering tidak stabil membutuhkan perhatian lebih,Negative
buruk,Negative
khususnya di daerah saya tepatnya di desa mata jaringannya seringkali bermasalah jaringan kadang putus menyambung kecepatan internet yang lambat sehingga tidak dapat mengakses internet sama sekali bahkan untuk mengirimmenerima pesan saja membutuhkan waktu yang cukup lama keluhankeluhan ini tentunya sangat mengganggu aktivitas sehari hari terutama bagi masyarakat yang bergantung pada internet untuk bekerja belajar atau berkomunikasi dengan keluarga,Negative
jaringan kadang hilang walaupun cuaca baik apalagi cuaca buruk,Negative
sangat buruk layanan internet di kabupaten banggai kepulauan sudah di luar batas kewajaran apalagi di saat musin hujan kondisi makin seram dan parah,Negative
sangat buruk,Negative
kualitas jaringan internet yang ada di banggai kepulauan sangat kurang baik sehingga saya pribadi menyarankan kepada pemerintah agar ada tindakan cepat untuk menangani hal tersebut mengingat sekarang mayoritas penduduk di banggai kepulauan ratarata mempunyai handphone dan mereka sangat membutuhkan kualitas jaringan internet yang baik untuk digunakan mohon agar segera di tindakalanjuti terkait masalah ini,Negative
kualitas jaringan di kabupaten banggai kepulauan terutama di desa mansamat biasanya sangat kurang bagus saya perantau dari kabupaten tojo una yang notabene jaringan ditempat tinggal saya sebelumnya bisa dikatakan jauh lebih baik dari pada di tempat saya tinggal sekarang bahkan ketika ada pekerjaan yang masuk diemail saya harus ke dermaga hanya untuk mendapatkan jaringan yang bagus karena jika di akses di rumah jaringan internetnya hampir tidak ada dan juga terkadang jaringan telepon saja masih terlalu kurang bagus,Negative
sangat lambat,Negative
menurut pandangan saya bahwa kualitas jaringan internet ataupun jaringan telkomsel yang ada di desa kami desa osan sudah tidak stabil dilapangan meskipun pada faktanya enggak akan tetapi tidak bisa mengakses internet ini adalah sebuah masalah besar yang seringkali menghambat aktivitas masyarakat,Negative
jaringan internet didaerah saya sering hilang dan lama sekali jaringan bisa di gunakan kembali,Negative
sinyal yang lambat sangat mengganggu saat video call,Negative
jaringan internet hanya dapat digunakan dengan sangat terbatas,Neutral
kecepatan internet perlu ditingkatkan agar tidak mengganggu produktivitas,Neutral
jaringan sering terputus di beberapa titik di desa saya,Negative
kualitas sinyal yang buruk membuat saya tidak dapat berkomunikasi dengan baik,Negative
tidak bagus jaringan tidak stabil,Negative
sering hilang total,Negative
terlalu lemah jaringan di wilayah bulagi selatan,Negative
pendapat atau keluhan saya kualitas jaringan internet di kabupaten banggai kepulauan belum bisa dikatakan baik karena masih banyak desa desa yang belum ada jaringannya apa lagi jaringan internet yang dimana sekarang sudah sistem digital sekolahsekolah kantor dan masyarakat sangat membutuhkan jaringan internet,Negative
kualitas sudah baik,Positive
jaringan internet di tempat kami masih sangat susah sehingga kami sangat lambat untuk menerima informasi,Negative
mengakses internet lambat dan biasanya gangguan saat menelfon,Negative
jaringan lambat gangguan saat menelpon mengirim data dalam bentuk dokumen pdf video dan lainnya prosesnya sangat lama,Negative
kualitas buruk,Negative
masih terdapat blank spot,Neutral
jaringan internet didesa bonepuso tidak bisa diakses dan jaringan biasa telepon tidak bisa digunakan hanya untung nama ada tower tetapi tidak bisa digunakan hanya sms saja yang bisa digunakan,Neutral
jaringan internet hilang berhari sering juga jaringan lambat,Negative
kita disini kerja butuh jaringn buat absensi terus kalau ingin skrining bpjs juga harus pakai internet,Neutral
jaringan yang ada di wilayah saya selalu bermasalah karena hanya menggunakan tenaga surya selalu batery lemah,Negative
saat listrik padam sinyal juga ikutan lambat,Negative
mohon di perbaiki tower telkomselnya yang tidak berfungsi lagi,Neutral
jaringan sering hilang dan jaringan lambat alias lambat,Negative
mohon perbaikan tower telekomsel yang tidak berfungsi lagi,Neutral
jaringan belum merata bahkan dalam kota salakan ada daerah atau lokasi yang belum bisa maksimal masuk signal,Neutral
saat lampu padam sinyalpun ikut hilang,Negative
pendapat saya terkait jaringan internet di daerah saya itu karena bertambah nya jumlah penduduk yang mengakses sehingga mengakibatkan jaringan menjadi lambat sekali,Negative
kualitas jaringan internet telkomsel di banggai kepulaun khususnya tempat tinggal saya di desa baka kurang baik internetnya sangat lambat kualitas sinyalnya juga kurang bagus,Negative
kualitas jaringan di desa saya tergantung tempat tidak semua tempat dapat jaringan jadi tolong di bantu akan tower di desa kami kasihan,Negative
kualitas jaringan masih sering lambat apalagi mengakses internet ini masih sering terjadi di tempat sayaada beberapa tempat yang lancar sinyal tetapi di beberapa tempat sama sekali tidak bisa mengakses internet terutama di rumah saya jaringan sangat sangat lambat,Negative
kualitas jaringan pada tempat saya tinggal ini masih bisa di bilang agak susah karena keberadaan tower yang jauh dari jangkauan dan keseringan mati lampu sehingga tower milik mesin ikut mati,Negative
sering lambat atau lambat saat membuka atau mendownload file,Negative
cukup bagus hanya beberapa daerah di luar kota salakan masih terbilang cukup buruk,Positive
sangat buruk karena sering error,Negative
beberapa masalah yang sering terjadi adalah koneksi yang tidak stabil kecepatan yang lambat dan seringnya terjadi gangguan,Negative
jaringan di desa saya sangat jelek tidak bisa di pergunakan untuk menelpon biasa jaringan internetnya sering hilang dan sangat lemot lambat,Negative
jaringan internet lambat loding,Negative
jaringan internet lambat dan kalau saling telepon suara timbul tenggelam,Negative
kualitas jaringan dikampung saya sangatlah tidak bagus saking susahnya untuk keperluan saya seperti ingin mendaftar online pekerjaanpun harus pergi ke kampung sebelah untuk membuka link pendaftaran serta melakukan pendaftaran ditambah lagi link pendaftaran yang biasanya di akses nanti sekitar jam bahkan sampai jam malam karena pada waktu tersebut link pendaftarannya bisa terbuka,Negative
jaringan tidak bagus,Negative
jauh dari tower pemancar,Neutral
jaringan sangat lambat,Negative
sangat buruk khususnya desa paisubatu,Negative
buruk,Negative
jaringan belum ada masuk untuk desa palabatu ii,Neutral
menurut saya jaringan yang sekarang kami rasakan sangat tidak bagus di gunakan di karenakan dalam mengakses internet dan menelfon sangat buruk,Negative
jaringannya terkadang lambat saja pengin dinas kominfo segera berbenah dan memperbanyak tower tower jaringan,Neutral
baik,Positive
kualitas sinyal lambat dan sering hilang,Negative
sering ngelag kadang tiba tiba sinyal hilang dari batang ke batang,Negative
jaringannya lambat banget saja tiap main ml ngeleg banget ini dari pemerintah daerah pemerintah provinsi tidak pernah perhatikan jaringan di liang bajo semoga kedepannya dari pemrov dan pemkab bisa lebih memperhatikan kita di kabupaten banggai kep,Negative
dana desa ini di korupsi nih masa kita bayar pajak tapi jaringan lambat terus macam nih,Negative
menurut saja aman saja sih saat ini di pagi hingga malam jam dan jadi menurut sudah bagus jaringan di salakan,Positive
sejak di buat tower jaringan dibangunemo tidak pernah jaringannya stabil bahkan pengaduan hanya di anggap angin lalu saja dan tidak ditanggapi dengan serius untuk itu beberapa masukan dilakukan perbaikan sistem pada jaringan bakti didesa bangunemo bila ada keluhan segera ditindaklanjuti,Negative
jaringan internet lambat hampir setiap hari kami yang sebagian anak rantau setengah mati untuk melakukan komunikasi dengan keluarga di kampung,Negative
jaringan disini tidak baik nanti di tempat tempat tertentu baru ada jaringannya dan itupun biar ada tetapi masih saja tidak bagus selalu koneksi lambat saat telfonan atau menonton intinya jaringan di desa bangunemo masih kurang baik,Negative
menurut saya jaringan di desa bangunemo harus lebih diperhatikan supaya bisa menjadi lebih baik lagi karena ketika saya kehabisan paket kuota internet maka saya harus pergi membuat paket kuota internet di desa sebelah dikarenakan di desa bangunemo belum bisa mendaftar paket kuota internet,Neutral
jaringan di desa bangunemo sangat lambat kami sebagai mahasiswa yang berkuliah online sangat membutuhkan jaringan yang bagus untuk memperlancar perkuliahan,Negative
tolong di perbaiki towernya,Neutral
jaringan sangat lambat,Negative
jaringan hilangdan lambat,Negative
lambat,Negative
lambat kadang hilang jaringan,Negative
jaringan sering hilang,Negative
jaringan di desa bangunemo bulagi utara biasanya dari pagi sampa pukul wita tidak bisa akses internet dan ini sudah terjadi setiap hari,Neutral
semoga cepat di perbaiki,Neutral
jaringannya lambat macam tahi telkomsel berbenah lah jaringan mu,Negative
sinyal buruk sinyal hilang total sinyal jelek saya seringkali merasa bosan karena tidak bisa bermain sosial media ketika jaringan sedang gangguan,Negative
menurut saya kualitas jaringan yang ada di desa lalong saat ini sudah lumayan baik jika dibandingkan dengan tahuntahun sebelumnya hanya saja terkadang untuk panggilan telepon biasa masih sering terjadi gangguan seperti panggilan tidak masuk dan suara terdengar putus putus saat bicara,Negative
jangankan jaringan internet jaringan biasa tidak ada,Neutral
tolong lah dibenerin jaringan nya karena saya sering menggunakan jaringan internet di malam hari untuk kerjain tugas sekolah bahkan ngelek ngelek begini,Negative
ya saya hanya berharap pemerintah daerah bisa menangkap aspirasi ini saya cuman berharap agar jaringan di desa saya bisa lancar karena saya sendiri kadang untuk ngerjain tugas sekolah,Neutral
pembangunan di kecamatan saya masih sangat tertinggal di bandingkan kecamatan lainnya jadi semoga pemerintah daerah dari bupati bisa melakukan pembangunan yang merata dan kita bisa dapat akses yang sama dengan daerah daerah lainnya,Positive
dari dulu ini saya rasa jaringan begini begini melulu e tidak ada perubahan begitu kah,Negative
walaupun jaringan jelek kadang kadang tapi sangat menganggu sekali orang lagi main games kadang ping bisa merah kuning jadi semoga ada pembagusan kedepannya,Negative
di waktu siang hari sampai sore sering banget ngeleg apa e niat ingin ingin untuk games kadang ping tinggi banget,Negative
jaringan ngeleg banget mana menonton youtube saja muter muter padahal cuman resolusi,Negative
jaringan lambat banget semoga ada cepat perbaikan jaringan begitu,Negative
semoga ada perbaikan jaringan disini,Neutral
pemerintah cobalah turun ke lapangan macam di kantor melulu jaringan sini dari dulu jelek,Negative
jaringan telepon hilang hilang dan jaringan internet lambat kadangkala hilang jaringan internet,Negative
jaringan di lokasi tempat tinggal saya memiliki kualitas jaringan yang buruk setiap saat yang mana mengganggu kualitas pengalaman saya dalam menggunakan jaringan ini,Negative
kalau menonton sering lambat,Negative
jaringan sangat lambat pada saat di butuhkan tiba tiba jaringan hilang menyebabkan kegiatan kadangkadang terhambat sehingga harus cari tempat yang jaringannya bagus untuk bisa kerjakan tugas,Negative
menurut kualitas jaringan internet di kampung masih kurang bagus apalagi pada saat musim hujan mendatang meskipun begitu setidaknya sudah lebih baik dari beberapa tahun kemarin,Positive
untuk jaringan bgian tompudau khususnya bagian rsud salakan belum terlalu bagus lambat sekali,Negative
kalau mati lampu jaringan juga lambat bahkan sampai hilang,Negative
menurut saya kualitas jaringan di desa kami sangatburuk bahkan masyarakat sampai harus bersusah payah mencari jaringan di pinggir pantai untuk mengakses internet bahkan mencari informasi padahal tower sudah ada tetapi tidak berfungsi dengan baik,Negative
pembangunan tower batas bakti sangat membantu kami mengakses internet,Positive
sinyal sekarang lebih baik dibanding tahun lalu walapun terkadang lambat di saat jam jam kerja,Positive
